symbol,yahoo_ticker,company_name,sector
EMIRATESNBD,EMIRATESNBD.AE,Emirates NBD Bank PJSC,بنوك
DEWA,DEWA.AE,Dubai Electricity and Water Authority,تصنيع
EMAAR,EMAAR.AE,Emaar Properties PJSC,عقاري
DIB,DIB.AE,Dubai Islamic Bank P.J.S.C.,بنوك
DU,DU.AE,Emirates Integrated Telecommunications Company PJSC,تكنولوجيا
EMAARDEV,EMAARDEV.AE,Emaar Development PJSC,عقاري
MASQ,MASQ.AE,Mashreqbank PSC,بنوك
SALIK,SALIK.AE,Salik Company P.J.S.C.,تصنيع
TALABAT,TALABAT.AE,Talabat Holding plc,تكنولوجيا
CBD,CBD.AE,Commercial Bank of Dubai PSC,بنوك
AIRARABIA,AIRARABIA.AE,Air Arabia PJSC,تصنيع
PARKIN,PARKIN.AE,Parkin Company P.J.S.C.,تصنيع
EMPOWER,EMPOWER.AE,Emirates Central Cooling Systems Corporation,تصنيع
TECOM,TECOM.AE,TECOM Group PJSC,عقاري
DUBAIRESI,DUBAIRESI.AE,Dubai Residential REIT,عقاري
DIC,DIC.AE,Dubai Investments PJSC,مالي غير مصرفي
DFM,DFM.AE,Dubai Financial Market P.J.S.C.,مالي غير مصرفي
GFH,GFH.AE,GFH Bank B.S.C.,بنوك
GULFNAV,GULFNAV.AE,Gulf Navigation Holding PJSC,تصنيع
ALEC,ALEC.AE,ALEC Holdings PJSC,تصنيع
TABREED,TABREED.AE,National Central Cooling Company PJSC,تصنيع
ALANSARI,ALANSARI.AE,Al Ansari Financial Services PJSC,مالي غير مصرفي
NIND,NIND.AE,National Industries Group Holding,تصنيع
SALAM_BAH,SALAM_BAH.AE,Al Salam Bank B.S.C.,بنوك
DTC,DTC.AE,Dubai Taxi Company P.J.S.C.,تصنيع
SPINNEYS,SPINNEYS.AE,Spinneys 1961 Holding plc,استهلاكي
MKHZN,MKHZN.AE,Makhazen,تصنيع
AJMANBANK,AJMANBANK.AE,Ajman Bank PJSC,بنوك
UNIONCOOP,UNIONCOOP.AE,Union Coop,استهلاكي
DEYAAR,DEYAAR.AE,Deyaar Development PJSC,عقاري
AMANAT,AMANAT.AE,Amanat Holdings PJSC,مالي غير مصرفي
UPP,UPP.AE,Union Properties Public Joint Stock Company,عقاري
TAALEEM,TAALEEM.AE,Taaleem Holdings PJSC,استهلاكي
IFA,IFA.AE,International Financial Advisors Holding,مالي غير مصرفي
ARMX,ARMX.AE,Aramex PJSC,تصنيع
DRC,DRC.AE,Dubai Refreshment (P.J.S.C.),استهلاكي
SUKOON,SUKOON.AE,Sukoon Insurance PJSC,مالي غير مصرفي
AMLAK,AMLAK.AE,Amlak Finance PJSC,مالي غير مصرفي
DIN,DIN.AE,Dubai Insurance Company (P.S.C.),مالي غير مصرفي
NCC,NCC.AE,National Cement Company,تصنيع
NGI,NGI.AE,National General Insurance Co. (P.J.S.C.),مالي غير مصرفي
ALRAMZ,ALRAMZ.AE,Al Ramz Corporation Investment and Development P.J.S.C.,مالي غير مصرفي
SHUAA,SHUAA.AE,SHUAA Capital PSC,مالي غير مصرفي
DSI,DSI.AE,Drake and Scull International P.J.S.C.,تصنيع
ERC,ERC.AE,Emirates Reem Investments Company P.J.S.C,مالي غير مصرفي
EIBANK,EIBANK.AE,Emirates Investment Bank P.J.S.C.,بنوك
SALAMA,SALAMA.AE,Islamic Arab Insurance Co. (Salama) PJSC,مالي غير مصرفي
BHMCAPITAL,BHMCAPITAL.AE,BHM Capital Financial Services PSC,مالي غير مصرفي
MAZAYA,MAZAYA.AE,Al-Mazaya Holding Company,عقاري
NIH,NIH.AE,National International Holding Company,مالي غير مصرفي
ITHMR,ITHMR.AE,Ithmaar Holding B.S.C.,مالي غير مصرفي
UFC,UFC.AE,United Foods Company (PSC),استهلاكي
DNIR,DNIR.AE,Dubai National Insurance & Reinsurance Co. (P.S.C.),مالي غير مصرفي
SUKOONTAKAFL,SUKOONTAKAFL.AE,Sukoon Takaful PJSC,مالي غير مصرفي
UNIKAI,UNIKAI.AE,Unikai Foods (P.J.S.C),استهلاكي
ALFIRDOUS,ALFIRDOUS.AE,Al Firdous Holdings (P.J.S.C.),عقاري
WATANIA,WATANIA.AE,Watania International Holding PJSC,مالي غير مصرفي
NAHO,NAHO.AE,Naeem Holding Company For Investments,مالي غير مصرفي
EKTTITAB,EKTTITAB.AE,Ekttitab Holding Company,مالي غير مصرفي
AMAN,AMAN.AE,Dubai Islamic Insurance & Reinsurance Co. (Aman),مالي غير مصرفي
ALSALAMSUDAN,ALSALAMSUDAN.AE,Al Salam Bank - Sudan,بنوك
IHC,IHC.AE,International Holding Company PJSC,مالي غير مصرفي
ADNOCGAS,ADNOCGAS.AE,ADNOC Gas PLC,تصنيع
TAQA,TAQA.AE,Abu Dhabi National Energy Company PJSC,تصنيع
FAB,FAB.AE,First Abu Dhabi Bank P.J.S.C.,بنوك
EAND,EAND.AE,Emirates Telecommunications Group Company PJSC,تكنولوجيا
ADCB,ADCB.AE,Abu Dhabi Commercial Bank PJSC,بنوك
ADNOCDRILL,ADNOCDRILL.AE,ADNOC Drilling Company P.J.S.C.,تصنيع
ADIB,ADIB.AE,Abu Dhabi Islamic Bank PJSC,بنوك
ALPHADHABI,ALPHADHABI.AE,Alpha Dhabi Holding PJSC,مالي غير مصرفي
BOROUGE,BOROUGE.AE,Borouge plc,تصنيع
ALDAR,ALDAR.AE,Aldar Properties PJSC,عقاري
MODON,MODON.AE,Modon Holding PSC,عقاري
ADNOCDIST,ADNOCDIST.AE,Abu Dhabi National Oil Company for Distribution PJSC,تصنيع
ADNOCLS,ADNOCLS.AE,ADNOC Logistics & Services plc,تصنيع
ORDS,ORDS.AE,Ooredoo Q.P.S.C.,تكنولوجيا
MBME,MBME.AE,MBME GROUP Private Joint Stock Company,استهلاكي
2POINTZERO,2POINTZERO.AE,Two Point Zero Group P.J.S.C,مالي غير مصرفي
FERTIGLB,FERTIGLB.AE,Fertiglobe plc,تصنيع
PUREHEALTH,PUREHEALTH.AE,Pure Health Holding PJSC,استهلاكي
ADPORTS,ADPORTS.AE,Abu Dhabi Ports Company PJSC,تصنيع
PRESIGHT,PRESIGHT.AE,Presight AI Holding PLC,تكنولوجيا
RAKBANK,RAKBANK.AE,The National Bank of Ras Al-Khaimah,بنوك
NMDC,NMDC.AE,NMDC Group PJSC,تصنيع
AMR,AMR.AE,Americana Restaurants International PLC,استهلاكي
AGILITY,AGILITY.AE,Agility Global PLC,تصنيع
NMDCENR,NMDCENR.AE,NMDC Energy - P.J.S.C.,تصنيع
NBF,NBF.AE,National Bank of Fujairah PJSC,بنوك
APEX,APEX.AE,Apex Investment PSC,مالي غير مصرفي
LULU,LULU.AE,Lulu Retail Holdings PLC,استهلاكي
SIB,SIB.AE,Sharjah Islamic Bank PJSC,بنوك
SPACE42,SPACE42.AE,Space42 PLC,تكنولوجيا
EMSTEEL,EMSTEEL.AE,EMSTEEL Building Materials PJSC,تصنيع
INB,INB.AE,Invest bank P.S.C.,بنوك
ALEFEDT,ALEFEDT.AE,Alef Education Holding plc,استهلاكي
DANA,DANA.AE,Dana Gas PJSC,تصنيع
NBQ,NBQ.AE,National Bank of Umm Al-Qaiwain,بنوك
BURJEEL,BURJEEL.AE,Burjeel Holdings PLC,استهلاكي
ADAVIATION,ADAVIATION.AE,Abu Dhabi Aviation Co.,تصنيع
ADNH,ADNH.AE,Abu Dhabi National Hotels Company PJSC,استهلاكي
UAB,UAB.AE,United Arab Bank P.J.S.C.,بنوك
ADNIC,ADNIC.AE,Abu Dhabi National Insurance Company PJSC,مالي غير مصرفي
PHX,PHX.AE,Phoenix Group Plc,تصنيع
EMOBILITY,EMOBILITY.AE,Emirates Mobility Company P.J.S.C.,تصنيع
BOS,BOS.AE,Bank Of Sharjah P.J.S.C.,بنوك
WAHA,WAHA.AE,Al Waha Capital PJSC,مالي غير مصرفي
ICAP,ICAP.AE,Investcorp Capital plc,مالي غير مصرفي
ANAN,ANAN.AE,Anan Investment Holding PJSC,مالي غير مصرفي
NCTH,NCTH.AE,National Corporation for Tourism and Hotels,استهلاكي
RAKPROP,RAKPROP.AE,RAK Properties PJSC,عقاري
ESG,ESG.AE,ESG Emirates Stallions Group PJSC,تصنيع
SAGA,SAGA.AE,Sagasse Investment Company Plc,مالي غير مصرفي
AGTHIA,AGTHIA.AE,Agthia Group PJSC,استهلاكي
BILDCO,BILDCO.AE,Abu Dhabi National Company for Building Materials PJSC,تصنيع
GHITHA,GHITHA.AE,Ghitha Holding P.J.S.C,استهلاكي
GIH,GIH.AE,Gulf Investment House,مالي غير مصرفي
RAKCEC,RAKCEC.AE,R.A.K. Ceramics P.J.S.C.,تصنيع
ASM,ASM.AE,Al Seer Marine Supplies and Equipment Company PJSC,تصنيع
MAIR,MAIR.AE,MAIR Group - P.J.S.C.,استهلاكي
E7,E7.AE,E7 Group PJSC,تكنولوجيا
INVICTUS,INVICTUS.AE,Invictus Investment Company PLC,مالي غير مصرفي
ADSB,ADSB.AE,Abu Dhabi Ship Building PJSC,تصنيع
GMPC,GMPC.AE,Gulf Medical Projects Company (PJSC),استهلاكي
CBI,CBI.AE,Commercial Bank International P.J.S.C.,بنوك
ADNHC,ADNHC.AE,ADNH Catering PLC,استهلاكي
ALPHADATA,ALPHADATA.AE,Alpha Data PJSC,تكنولوجيا
ESHRAQ,ESHRAQ.AE,Eshraq Investments PJSC,عقاري
JULPHAR,JULPHAR.AE,Gulf Pharmaceutical Industries P.S.C.,استهلاكي
PALMS,PALMS.AE,Palms Sports PJSC,استهلاكي
EIC,EIC.AE,Emirates Insurance Company P.J.S.C.,مالي غير مصرفي
SUDATEL,SUDATEL.AE,Sudatel Telecom Group Limited,تكنولوجيا
MANAZEL,MANAZEL.AE,Manazel PJSC,عقاري
EASYLEASE,EASYLEASE.AE,Easy Lease Motor Cycle Rental P.S.C.,مالي غير مصرفي
DHAFRA,DHAFRA.AE,Al Dhafra Insurance Company P.S.C.,مالي غير مصرفي
SCIDC,SCIDC.AE,Sharjah Cement and Industrial Development Co.,تصنيع
AWNIC,AWNIC.AE,Al Wathba National Insurance Company PJSC,مالي غير مصرفي
ABNIC,ABNIC.AE,Al Buhaira National Insurance Company P.S.C.,مالي غير مصرفي
QIC,QIC.AE,Umm Al Qaiwain General Investments Company P.S.C.,مالي غير مصرفي
FH,FH.AE,Finance House P.J.S.C.,مالي غير مصرفي
KICO,KICO.AE,Al Khaleej Investment P.J.S.C.,مالي غير مصرفي
TKFL,TKFL.AE,Abu Dhabi National Takaful Company PSC,مالي غير مصرفي
ALAIN,ALAIN.AE,Al Ain Ahlia Insurance Company P.S.C.,مالي غير مصرفي
RAKWCT,RAKWCT.AE,Ras Al Khaimah Co. for White Cement & Construction Materials,تصنيع
RPM,RPM.AE,Response Plus Holding PJSC,استهلاكي
FBI,FBI.AE,Fujairah Building Industries P.J.S.C.,تصنيع
GCEM,GCEM.AE,Gulf Cement Company P.S.C.,تصنيع
FNF,FNF.AE,Foodco National Foodstuff PJSC,استهلاكي
RAKNIC,RAKNIC.AE,Ras Al Khaimah National Insurance Company P.S.C.,مالي غير مصرفي
SAWAEED,SAWAEED.AE,Sawaeed Holding P.J.S.C.,مالي غير مصرفي
UNION,UNION.AE,Union Insurance Company P.J.S.C.,مالي غير مصرفي
HAYAH,HAYAH.AE,HAYAH Insurance Company P.J.S.C.,مالي غير مصرفي
FIDELITYUNITED,FIDELITYUNITED.AE,United Fidelity Insurance Company (P.S.C.),مالي غير مصرفي
AFNIC,AFNIC.AE,Al Fujairah National Insurance Company P.J.S.C,مالي غير مصرفي
HH,HH.AE,Hily Holding PJSC,مالي غير مصرفي
SICO,SICO.AE,Sharjah Insurance Company P.S.C.,مالي غير مصرفي
RAPCO,RAPCO.AE,RAPCO Investment PJSC,مالي غير مصرفي
OEIHC,OEIHC.AE,Oman & Emirates Investment Holding Company,مالي غير مصرفي
IH,IH.AE,Insurance House - P J S C,مالي غير مصرفي
ARAM,ARAM.AE,ARAM Group Company P.J.S.C.,تصنيع
FCI,FCI.AE,Fujairah Cement Industries PJSC,تصنيع
TNI,TNI.AE,The National Investor Pr. J.S.C.,مالي غير مصرفي
METHAQ,METHAQ.AE,Methaq Takaful Insurance P.S.C.,مالي غير مصرفي
AKIC,AKIC.AE,Al Khazna Insurance Company P.S.C.,مالي غير مصرفي
